"No.","Time","Source","Destination","Protocol","Length","Info"
"1","0.000000","192.168.249.189","118.214.96.21","TCP","1400","63298  >  80 [FIN, PSH, ACK] Seq=1 Ack=1 Win=255 Len=1346 [TCP segment of a reassembled PDU]"
"2","0.043673","118.214.96.21","192.168.249.189","TCP","54","80  >  63298 [RST] Seq=1 Win=0 Len=0"
"3","0.891559","192.168.249.189","138.91.171.81","TCP","66","63300  >  80 [SYN] Seq=0 Win=64240 Len=0 MSS=1460 WS=256 SACK_PERM"
"4","2.895803","192.168.249.189","138.91.171.81","TCP","66","[TCP Retransmission] 63300  >  80 [SYN] Seq=0 Win=64240 Len=0 MSS=1460 WS=256 SACK_PERM"
"5","4.648774","8e:64:ef:4d:da:93","CyberTANTech_81:aa:b9","ARP","42","Who has 192.168.249.189? Tell 192.168.249.90"
"6","4.648774","fe80::8c64:efff:fe4d:da93","2409:408d:180:4bad:a800:4d54:ce33:cdce","ICMPv6","86","Neighbor Solicitation for 2409:408d:180:4bad:a800:4d54:ce33:cdce from 8e:64:ef:4d:da:93"
"7","4.648800","CyberTANTech_81:aa:b9","8e:64:ef:4d:da:93","ARP","42","192.168.249.189 is at c8:3d:d4:81:aa:b9"
"8","4.649401","2409:408d:180:4bad:a800:4d54:ce33:cdce","fe80::8c64:efff:fe4d:da93","ICMPv6","86","Neighbor Advertisement 2409:408d:180:4bad:a800:4d54:ce33:cdce (sol, ovr) is at c8:3d:d4:81:aa:b9"
"9","4.854659","CyberTANTech_81:aa:b9","8e:64:ef:4d:da:93","ARP","42","Who has 192.168.249.90? Tell 192.168.249.189"
"10","4.876980","8e:64:ef:4d:da:93","CyberTANTech_81:aa:b9","ARP","42","192.168.249.90 is at 8e:64:ef:4d:da:93"
"11","6.909922","192.168.249.189","138.91.171.81","TCP","66","[TCP Retransmission] 63300  >  80 [SYN] Seq=0 Win=64240 Len=0 MSS=1460 WS=256 SACK_PERM"
"12","7.583574","192.168.249.56","224.0.0.251","MDNS","103","Standard query 0x0004 PTR _233637DE._sub._googlecast._tcp.local, ""QM"" question PTR _googlecast._tcp.local, ""QM"" question"
"13","8.606991","192.168.249.56","224.0.0.22","IGMPv3","54","Membership Report / Leave group 224.0.0.251"
"14","11.628650","2409:408d:180:4bad:a800:4d54:ce33:cdce","64:ff9b::7512:e8c8","TCP","75","63292  >  443 [ACK] Seq=1 Ack=1 Win=253 Len=1 [TCP segment of a reassembled PDU]"
"15","11.707337","64:ff9b::7512:e8c8","2409:408d:180:4bad:a800:4d54:ce33:cdce","TCP","86","443  >  63292 [ACK] Seq=1 Ack=2 Win=136 Len=0 SLE=1 SRE=2"
"16","13.302142","2409:408d:180:4bad:a800:4d54:ce33:cdce","64:ff9b::6c9f:db2","TCP","75","63253  >  443 [ACK] Seq=1 Ack=1 Win=253 Len=1 [TCP segment of a reassembled PDU]"
"17","13.349403","64:ff9b::6c9f:db2","2409:408d:180:4bad:a800:4d54:ce33:cdce","TCP","86","443  >  63253 [ACK] Seq=1 Ack=2 Win=208 Len=0 SLE=1 SRE=2"
"18","14.545972","192.168.249.56","224.0.0.22","IGMPv3","54","Membership Report / Leave group 224.0.0.251"
"19","14.911778","192.168.249.189","138.91.171.81","TCP","66","[TCP Retransmission] 63300  >  80 [SYN] Seq=0 Win=64240 Len=0 MSS=1460 WS=256 SACK_PERM"
"20","15.506945","64:ff9b::6812:2968","2409:408d:180:4bad:a800:4d54:ce33:cdce","TLSv1.2","113","Application Data"
"21","15.506945","64:ff9b::6812:2968","2409:408d:180:4bad:a800:4d54:ce33:cdce","TLSv1.2","113","Application Data"
"22","15.507026","64:ff9b::6812:2968","2409:408d:180:4bad:a800:4d54:ce33:cdce","TCP","74","443  >  63255 [FIN, ACK] Seq=40 Ack=1 Win=8 Len=0"
"23","15.507026","64:ff9b::6812:2968","2409:408d:180:4bad:a800:4d54:ce33:cdce","TCP","74","443  >  63256 [FIN, ACK] Seq=40 Ack=1 Win=8 Len=0"
"24","15.507074","2409:408d:180:4bad:a800:4d54:ce33:cdce","64:ff9b::6812:2968","TCP","74","63255  >  443 [ACK] Seq=1 Ack=41 Win=257 Len=0"
"25","15.507545","2409:408d:180:4bad:a800:4d54:ce33:cdce","64:ff9b::6812:2968","TCP","74","63256  >  443 [ACK] Seq=1 Ack=41 Win=257 Len=0"
"26","20.919372","2409:408d:180:4bad:a800:4d54:ce33:cdce","64:ff9b::8a5b:ab51","TCP","86","63301  >  80 [SYN] Seq=0 Win=64660 Len=0 MSS=1220 WS=256 SACK_PERM"
"27","21.641425","2409:408d:180:4bad:a800:4d54:ce33:cdce","64:ff9b::8c52:7019","TCP","75","63254  >  443 [ACK] Seq=1 Ack=1 Win=256 Len=1 [TCP segment of a reassembled PDU]"
"28","21.924419","2409:408d:180:4bad:a800:4d54:ce33:cdce","64:ff9b::8a5b:ab51","TCP","86","[TCP Retransmission] 63301  >  80 [SYN] Seq=0 Win=64660 Len=0 MSS=1220 WS=256 SACK_PERM"
"29","21.925134","64:ff9b::8c52:7019","2409:408d:180:4bad:a800:4d54:ce33:cdce","TCP","86","443  >  63254 [ACK] Seq=1 Ack=2 Win=74 Len=0 SLE=1 SRE=2"
"30","21.958692","192.168.249.189","74.125.24.188","TCP","55","63257  >  5228 [ACK] Seq=1 Ack=1 Win=256 Len=1"
"31","22.033945","74.125.24.188","192.168.249.189","TCP","66","5228  >  63257 [ACK] Seq=1 Ack=2 Win=289 Len=0 SLE=1 SRE=2"
"32","23.931699","2409:408d:180:4bad:a800:4d54:ce33:cdce","64:ff9b::8a5b:ab51","TCP","86","[TCP Retransmission] 63301  >  80 [SYN] Seq=0 Win=64660 Len=0 MSS=1220 WS=256 SACK_PERM"
"33","27.170135","fe80::8c64:efff:fe4d:da93","2409:408d:180:4bad:a800:4d54:ce33:cdce","ICMPv6","86","Neighbor Solicitation for 2409:408d:180:4bad:a800:4d54:ce33:cdce from 8e:64:ef:4d:da:93"
"34","27.170188","2409:408d:180:4bad:a800:4d54:ce33:cdce","fe80::8c64:efff:fe4d:da93","ICMPv6","86","Neighbor Advertisement 2409:408d:180:4bad:a800:4d54:ce33:cdce (sol, ovr) is at c8:3d:d4:81:aa:b9"
"35","27.936098","2409:408d:180:4bad:a800:4d54:ce33:cdce","64:ff9b::8a5b:ab51","TCP","86","[TCP Retransmission] 63301  >  80 [SYN] Seq=0 Win=64660 Len=0 MSS=1220 WS=256 SACK_PERM"
"36","27.955393","2409:408d:180:4bad:a800:4d54:ce33:cdce","64:ff9b::6812:2968","QUIC","1292","Initial, DCID=1cb78ac4d595fffd, PKN: 1, CRYPTO"
"37","27.956455","2409:408d:180:4bad:a800:4d54:ce33:cdce","64:ff9b::6812:2968","QUIC","1292","Initial, DCID=1cb78ac4d595fffd, PKN: 2, CRYPTO, PADDING, CRYPTO, CRYPTO, CRYPTO, PING, PADDING, CRYPTO, PADDING, PING, PING, CRYPTO, PING, PING, PING, PADDING"
"38","27.957190","2409:408d:180:4bad:a800:4d54:ce33:cdce","64:ff9b::6812:2968","QUIC","142","0-RTT, DCID=1cb78ac4d595fffd"
"39","27.970869","2409:408d:180:4bad:a800:4d54:ce33:cdce","64:ff9b::6812:2968","QUIC","1292","Initial, DCID=f6d9dd018480acbb, PKN: 1, CRYPTO"
"40","27.971593","2409:408d:180:4bad:a800:4d54:ce33:cdce","64:ff9b::6812:2968","QUIC","1292","Initial, DCID=f6d9dd018480acbb, PKN: 2, PING, PING, PADDING, CRYPTO, CRYPTO, PING, PING, PING, PING, PADDING, PING, CRYPTO, PADDING, PING, PADDING"
"41","27.972449","2409:408d:180:4bad:a800:4d54:ce33:cdce","64:ff9b::6812:2968","QUIC","144","0-RTT, DCID=f6d9dd018480acbb"
"42","27.973006","2409:408d:180:4bad:a800:4d54:ce33:cdce","64:ff9b::6812:2968","QUIC","409","0-RTT, DCID=f6d9dd018480acbb"
"43","27.998552","2409:408d:180:4bad:a800:4d54:ce33:cdce","64:ff9b::6c9f:db2","TLSv1.2","1137","Ignored Unknown Record"
"44","27.999267","2409:408d:180:4bad:a800:4d54:ce33:cdce","64:ff9b::6c9f:db2","TLSv1.2","113","Application Data"
"45","28.053690","2409:408d:180:4bad:a800:4d54:ce33:cdce","2404:6800:4007:825::2002","QUIC","1292","Initial, DCID=a435ddeee8f34053, PKN: 1, CRYPTO"
"46","28.054396","2409:408d:180:4bad:a800:4d54:ce33:cdce","2404:6800:4007:825::2002","QUIC","1292","Initial, DCID=a435ddeee8f34053, PKN: 2, CRYPTO"
"47","28.055035","2409:408d:180:4bad:a800:4d54:ce33:cdce","2404:6800:4007:825::2002","QUIC","1292","Initial, DCID=a435ddeee8f34053, PKN: 3, PING, PADDING, CRYPTO, PING, PADDING, PING, CRYPTO, CRYPTO, PING, PING, PING, PADDING, PING, PADDING, PING, PING"
"48","28.055718","2409:408d:180:4bad:a800:4d54:ce33:cdce","2404:6800:4007:825::2002","QUIC","143","0-RTT, DCID=a435ddeee8f34053"
"49","28.056629","2409:408d:180:4bad:a800:4d54:ce33:cdce","2404:6800:4007:825::2002","QUIC","1288","0-RTT, DCID=a435ddeee8f34053"
"50","28.057262","2409:408d:180:4bad:a800:4d54:ce33:cdce","2404:6800:4007:825::2002","QUIC","817","0-RTT, DCID=a435ddeee8f34053"
"51","28.066472","64:ff9b::6812:2968","2409:408d:180:4bad:a800:4d54:ce33:cdce","QUIC","1262","Initial, SCID=01cf18f9ea5d4d85facedef9e75d45061db00695, PKN: 0, ACK"
"52","28.066901","64:ff9b::6812:2968","2409:408d:180:4bad:a800:4d54:ce33:cdce","QUIC","1262","Initial, SCID=01cf18f9ea5d4d85facedef9e75d45061db00695, PKN: 1, ACK, CRYPTO"
"53","28.068784","2409:408d:180:4bad:a800:4d54:ce33:cdce","64:ff9b::6812:2968","QUIC","1292","Initial, DCID=01cf18f9ea5d4d85facedef9e75d45061db00695, PKN: 4, ACK, PADDING"
"54","28.069822","64:ff9b::6812:2968","2409:408d:180:4bad:a800:4d54:ce33:cdce","QUIC","1262","Handshake, SCID=01cf18f9ea5d4d85facedef9e75d45061db00695"
"55","28.069822","64:ff9b::6812:2968","2409:408d:180:4bad:a800:4d54:ce33:cdce","QUIC","86","Protected Payload (KP0)"
"56","28.069822","64:ff9b::6812:2968","2409:408d:180:4bad:a800:4d54:ce33:cdce","QUIC","86","Protected Payload (KP0)"
"57","28.069822","64:ff9b::6812:2968","2409:408d:180:4bad:a800:4d54:ce33:cdce","QUIC","111","Protected Payload (KP0)"
"58","28.069822","64:ff9b::6812:2968","2409:408d:180:4bad:a800:4d54:ce33:cdce","QUIC","1262","Initial, SCID=015d0ad9c70e4290b65cccd9c40e69402cda5e3e, PKN: 0, ACK"
"59","28.069822","64:ff9b::6812:2968","2409:408d:180:4bad:a800:4d54:ce33:cdce","QUIC","1262","Initial, SCID=015d0ad9c70e4290b65cccd9c40e69402cda5e3e, PKN: 1, ACK, CRYPTO"
"60","28.069822","64:ff9b::6812:2968","2409:408d:180:4bad:a800:4d54:ce33:cdce","QUIC","1262","Handshake, SCID=015d0ad9c70e4290b65cccd9c40e69402cda5e3e"
"61","28.069822","64:ff9b::6812:2968","2409:408d:180:4bad:a800:4d54:ce33:cdce","QUIC","86","Protected Payload (KP0)"
"62","28.069822","64:ff9b::6812:2968","2409:408d:180:4bad:a800:4d54:ce33:cdce","QUIC","86","Protected Payload (KP0)"
"63","28.069822","64:ff9b::6812:2968","2409:408d:180:4bad:a800:4d54:ce33:cdce","QUIC","111","Protected Payload (KP0)"
"64","28.069822","64:ff9b::6c9f:db2","2409:408d:180:4bad:a800:4d54:ce33:cdce","TCP","74","443  >  63253 [ACK] Seq=1 Ack=1065 Win=213 Len=0"
"65","28.069822","64:ff9b::6c9f:db2","2409:408d:180:4bad:a800:4d54:ce33:cdce","TCP","74","443  >  63253 [ACK] Seq=1 Ack=1104 Win=213 Len=0"
"66","28.069822","64:ff9b::6c9f:db2","2409:408d:180:4bad:a800:4d54:ce33:cdce","TLSv1.2","113","Application Data"
"67","28.070598","2409:408d:180:4bad:a800:4d54:ce33:cdce","64:ff9b::6812:2968","QUIC","153","Handshake, DCID=01cf18f9ea5d4d85facedef9e75d45061db00695"
"68","28.071369","2409:408d:180:4bad:a800:4d54:ce33:cdce","64:ff9b::6812:2968","QUIC","105","Protected Payload (KP0), DCID=01cf18f9ea5d4d85facedef9e75d45061db00695"
"69","28.072130","2409:408d:180:4bad:a800:4d54:ce33:cdce","64:ff9b::6812:2968","QUIC","109","Protected Payload (KP0), DCID=01cf18f9ea5d4d85facedef9e75d45061db00695"
"70","28.073939","2409:408d:180:4bad:a800:4d54:ce33:cdce","64:ff9b::6812:2968","QUIC","1292","Handshake, DCID=015d0ad9c70e4290b65cccd9c40e69402cda5e3e"
"71","28.074196","2409:408d:180:4bad:a800:4d54:ce33:cdce","64:ff9b::6812:2968","QUIC","105","Protected Payload (KP0), DCID=015d0ad9c70e4290b65cccd9c40e69402cda5e3e"
"72","28.074742","2409:408d:180:4bad:a800:4d54:ce33:cdce","64:ff9b::6812:2968","QUIC","109","Protected Payload (KP0), DCID=015d0ad9c70e4290b65cccd9c40e69402cda5e3e"
"73","28.075591","2409:408d:180:4bad:a800:4d54:ce33:cdce","64:ff9b::6812:2968","QUIC","1286","Protected Payload (KP0), DCID=01cf18f9ea5d4d85facedef9e75d45061db00695"
"74","28.076038","2409:408d:180:4bad:a800:4d54:ce33:cdce","64:ff9b::6812:2968","QUIC","1031","Protected Payload (KP0), DCID=01cf18f9ea5d4d85facedef9e75d45061db00695"
"75","28.076830","2409:408d:180:4bad:a800:4d54:ce33:cdce","64:ff9b::6812:2968","QUIC","1286","Protected Payload (KP0), DCID=01cf18f9ea5d4d85facedef9e75d45061db00695"
"76","28.077148","2409:408d:180:4bad:a800:4d54:ce33:cdce","64:ff9b::6812:2968","QUIC","106","Protected Payload (KP0), DCID=01cf18f9ea5d4d85facedef9e75d45061db00695"
"77","28.123636","2409:408d:180:4bad:a800:4d54:ce33:cdce","64:ff9b::6c9f:db2","TCP","74","63253  >  443 [ACK] Seq=1104 Ack=40 Win=252 Len=0"
"78","28.176843","2404:6800:4007:825::2002","2409:408d:180:4bad:a800:4d54:ce33:cdce","QUIC","1292","Initial, SCID=e435ddeee8f34053, PKN: 1, ACK, PADDING"
"79","28.176843","2404:6800:4007:825::2002","2409:408d:180:4bad:a800:4d54:ce33:cdce","QUIC","1292","Initial, SCID=e435ddeee8f34053, PKN: 2, ACK, PADDING"
"80","28.176978","64:ff9b::6812:2968","2409:408d:180:4bad:a800:4d54:ce33:cdce","QUIC","91","Protected Payload (KP0)"
"81","28.176978","64:ff9b::6812:2968","2409:408d:180:4bad:a800:4d54:ce33:cdce","QUIC","91","Protected Payload (KP0)"
"82","28.176978","64:ff9b::6812:2968","2409:408d:180:4bad:a800:4d54:ce33:cdce","QUIC","85","Protected Payload (KP0)"
"83","28.176978","64:ff9b::6812:2968","2409:408d:180:4bad:a800:4d54:ce33:cdce","QUIC","85","Protected Payload (KP0)"
"84","28.176978","2404:6800:4007:825::2002","2409:408d:180:4bad:a800:4d54:ce33:cdce","QUIC","1292","Initial, SCID=e435ddeee8f34053, PKN: 3, CRYPTO, PADDING"
"85","28.176978","2404:6800:4007:825::2002","2409:408d:180:4bad:a800:4d54:ce33:cdce","QUIC","362","Protected Payload (KP0)"
"86","28.176978","2404:6800:4007:825::2002","2409:408d:180:4bad:a800:4d54:ce33:cdce","QUIC","992","Protected Payload (KP0)"
"87","28.176978","2404:6800:4007:825::2002","2409:408d:180:4bad:a800:4d54:ce33:cdce","QUIC","117","Protected Payload (KP0)"
"88","28.176978","2404:6800:4007:825::2002","2409:408d:180:4bad:a800:4d54:ce33:cdce","QUIC","86","Protected Payload (KP0)"
"89","28.176978","64:ff9b::6c9f:db2","2409:408d:180:4bad:a800:4d54:ce33:cdce","TLSv1.2","555","Application Data"
"90","28.176978","64:ff9b::6c9f:db2","2409:408d:180:4bad:a800:4d54:ce33:cdce","TLSv1.2","105","Application Data"
"91","28.177083","2409:408d:180:4bad:a800:4d54:ce33:cdce","64:ff9b::6c9f:db2","TCP","74","63253  >  443 [ACK] Seq=1104 Ack=552 Win=257 Len=0"
"92","28.178183","2409:408d:180:4bad:a800:4d54:ce33:cdce","2404:6800:4007:825::2002","QUIC","140","Handshake, DCID=e435ddeee8f34053"
"93","28.179281","2409:408d:180:4bad:a800:4d54:ce33:cdce","2404:6800:4007:825::2002","QUIC","93","Protected Payload (KP0), DCID=e435ddeee8f34053"
"94","28.180782","2409:408d:180:4bad:a800:4d54:ce33:cdce","64:ff9b::6c9f:db2","TLSv1.2","109","Application Data"
"95","28.182657","192.168.249.189","192.168.249.90","DNS","80","Standard query 0x6b01 AAAA beacons.gcp.gvt2.com"
"96","28.183626","192.168.249.189","192.168.249.90","DNS","80","Standard query 0x378c A beacons.gcp.gvt2.com"
"97","28.183947","192.168.249.189","192.168.249.90","DNS","80","Standard query 0xcbd2 HTTPS beacons.gcp.gvt2.com"
"98","28.205315","2409:408d:180:4bad:a800:4d54:ce33:cdce","64:ff9b::6812:2968","QUIC","106","Protected Payload (KP0), DCID=01cf18f9ea5d4d85facedef9e75d45061db00695"
"99","28.206319","2409:408d:180:4bad:a800:4d54:ce33:cdce","64:ff9b::6812:2968","QUIC","106","Protected Payload (KP0), DCID=015d0ad9c70e4290b65cccd9c40e69402cda5e3e"
"100","28.206806","2409:408d:180:4bad:a800:4d54:ce33:cdce","2404:6800:4007:825::2002","QUIC","94","Protected Payload (KP0), DCID=e435ddeee8f34053"
"101","28.216219","2404:6800:4007:825::2002","2409:408d:180:4bad:a800:4d54:ce33:cdce","QUIC","186","Protected Payload (KP0)"
"102","28.218281","192.168.249.90","192.168.249.189","DNS","138","Standard query response 0x6b01 AAAA beacons.gcp.gvt2.com CNAME beacons-handoff.gcp.gvt2.com AAAA 2404:6800:4007:803::2003"
"103","28.232754","192.168.249.90","192.168.249.189","DNS","126","Standard query response 0x378c A beacons.gcp.gvt2.com CNAME beacons-handoff.gcp.gvt2.com A 172.217.167.131"
"104","28.232754","192.168.249.90","192.168.249.189","DNS","167","Standard query response 0xcbd2 HTTPS beacons.gcp.gvt2.com CNAME beacons-handoff.gcp.gvt2.com SOA ns1.google.com"
"105","28.233874","2409:408d:180:4bad:a800:4d54:ce33:cdce","2404:6800:4007:803::2003","QUIC","1292","Initial, DCID=b41b8a0975d2bc30, PKN: 1, CRYPTO"
"106","28.234613","2409:408d:180:4bad:a800:4d54:ce33:cdce","2404:6800:4007:803::2003","QUIC","1292","Initial, DCID=b41b8a0975d2bc30, PKN: 2, CRYPTO, CRYPTO, PING, CRYPTO, PADDING, PING, PING, CRYPTO, PADDING, CRYPTO, PADDING, CRYPTO, PING, PADDING"
"107","28.235638","2409:408d:180:4bad:a800:4d54:ce33:cdce","2404:6800:4007:803::2003","QUIC","144","0-RTT, DCID=b41b8a0975d2bc30"
"108","28.242013","2409:408d:180:4bad:a800:4d54:ce33:cdce","2404:6800:4007:825::2002","QUIC","94","Protected Payload (KP0), DCID=e435ddeee8f34053"
"109","28.257857","64:ff9b::6c9f:db2","2409:408d:180:4bad:a800:4d54:ce33:cdce","TCP","74","443  >  63253 [ACK] Seq=552 Ack=1139 Win=213 Len=0"
"110","28.273618","2404:6800:4007:803::2003","2409:408d:180:4bad:a800:4d54:ce33:cdce","QUIC","1292","Initial, SCID=f41b8a0975d2bc30, PKN: 1, ACK, PADDING"
"111","28.297362","2409:408d:180:4bad:a800:4d54:ce33:cdce","2404:6800:4007:803::2003","QUIC","1292","Initial, DCID=f41b8a0975d2bc30, PKN: 5, PADDING, PING, PADDING"
"112","28.300587","2404:6800:4007:825::2002","2409:408d:180:4bad:a800:4d54:ce33:cdce","QUIC","677","Protected Payload (KP0)"
"113","28.300845","2404:6800:4007:825::2002","2409:408d:180:4bad:a800:4d54:ce33:cdce","QUIC","218","Protected Payload (KP0)"
"114","28.300862","2409:408d:180:4bad:a800:4d54:ce33:cdce","2404:6800:4007:825::2002","QUIC","97","Protected Payload (KP0), DCID=e435ddeee8f34053"
"115","28.304057","2404:6800:4007:803::2003","2409:408d:180:4bad:a800:4d54:ce33:cdce","QUIC","1292","Initial, SCID=f41b8a0975d2bc30, PKN: 2, CRYPTO, PADDING"
"116","28.304057","2404:6800:4007:803::2003","2409:408d:180:4bad:a800:4d54:ce33:cdce","QUIC","371","Protected Payload (KP0)"
"117","28.304391","2404:6800:4007:803::2003","2409:408d:180:4bad:a800:4d54:ce33:cdce","QUIC","983","Protected Payload (KP0)"
"118","28.304749","2404:6800:4007:803::2003","2409:408d:180:4bad:a800:4d54:ce33:cdce","QUIC","118","Protected Payload (KP0)"
"119","28.304749","2404:6800:4007:803::2003","2409:408d:180:4bad:a800:4d54:ce33:cdce","QUIC","86","Protected Payload (KP0)"
"120","28.305229","2409:408d:180:4bad:a800:4d54:ce33:cdce","2404:6800:4007:803::2003","QUIC","140","Handshake, DCID=f41b8a0975d2bc30"
"121","28.305448","2409:408d:180:4bad:a800:4d54:ce33:cdce","2404:6800:4007:803::2003","QUIC","93","Protected Payload (KP0), DCID=f41b8a0975d2bc30"
"122","28.306311","2409:408d:180:4bad:a800:4d54:ce33:cdce","2404:6800:4007:803::2003","QUIC","604","Protected Payload (KP0), DCID=f41b8a0975d2bc30"
"123","28.327130","2409:408d:180:4bad:a800:4d54:ce33:cdce","2404:6800:4007:825::2002","QUIC","94","Protected Payload (KP0), DCID=e435ddeee8f34053"
"124","28.327911","64:ff9b::6812:2968","2409:408d:180:4bad:a800:4d54:ce33:cdce","QUIC","371","Protected Payload (KP0)"
"125","28.329475","2409:408d:180:4bad:a800:4d54:ce33:cdce","64:ff9b::6812:2968","QUIC","1286","Protected Payload (KP0), DCID=015d0ad9c70e4290b65cccd9c40e69402cda5e3e"
"126","28.330259","2409:408d:180:4bad:a800:4d54:ce33:cdce","64:ff9b::6812:2968","QUIC","1292","Protected Payload (KP0), DCID=015d0ad9c70e4290b65cccd9c40e69402cda5e3e"
"127","28.330641","2409:408d:180:4bad:a800:4d54:ce33:cdce","64:ff9b::6812:2968","QUIC","1292","Protected Payload (KP0), DCID=015d0ad9c70e4290b65cccd9c40e69402cda5e3e"
"128","28.331578","2409:408d:180:4bad:a800:4d54:ce33:cdce","64:ff9b::6812:2968","QUIC","1292","Protected Payload (KP0), DCID=015d0ad9c70e4290b65cccd9c40e69402cda5e3e"
"129","28.332087","2409:408d:180:4bad:a800:4d54:ce33:cdce","64:ff9b::6812:2968","QUIC","1063","Protected Payload (KP0), DCID=015d0ad9c70e4290b65cccd9c40e69402cda5e3e"
"130","28.340119","2404:6800:4007:803::2003","2409:408d:180:4bad:a800:4d54:ce33:cdce","QUIC","182","Protected Payload (KP0)"
"131","28.340119","2404:6800:4007:825::2002","2409:408d:180:4bad:a800:4d54:ce33:cdce","QUIC","87","Protected Payload (KP0)"
"132","28.340119","2404:6800:4007:803::2003","2409:408d:180:4bad:a800:4d54:ce33:cdce","QUIC","91","Protected Payload (KP0)"
"133","28.340585","2409:408d:180:4bad:a800:4d54:ce33:cdce","2404:6800:4007:803::2003","QUIC","94","Protected Payload (KP0), DCID=f41b8a0975d2bc30"
"134","28.378637","64:ff9b::6812:2968","2409:408d:180:4bad:a800:4d54:ce33:cdce","QUIC","85","Protected Payload (KP0)"
"135","28.389527","64:ff9b::6812:2968","2409:408d:180:4bad:a800:4d54:ce33:cdce","QUIC","409","Protected Payload (KP0)"
"136","28.389675","64:ff9b::6812:2968","2409:408d:180:4bad:a800:4d54:ce33:cdce","QUIC","373","Protected Payload (KP0)"
"137","28.389952","2409:408d:180:4bad:a800:4d54:ce33:cdce","64:ff9b::6812:2968","QUIC","105","Protected Payload (KP0), DCID=01cf18f9ea5d4d85facedef9e75d45061db00695"
"138","28.390405","2409:408d:180:4bad:a800:4d54:ce33:cdce","64:ff9b::6812:2968","QUIC","103","Protected Payload (KP0), DCID=01cf18f9ea5d4d85facedef9e75d45061db00695"
"139","28.399903","2409:408d:180:4bad:a800:4d54:ce33:cdce","2404:6800:4007:825::2002","QUIC","1292","Protected Payload (KP0), DCID=e435ddeee8f34053"
"140","28.400621","2409:408d:180:4bad:a800:4d54:ce33:cdce","2404:6800:4007:825::2002","QUIC","278","Protected Payload (KP0), DCID=e435ddeee8f34053"
"141","28.429361","64:ff9b::6812:2968","2409:408d:180:4bad:a800:4d54:ce33:cdce","QUIC","85","Protected Payload (KP0)"
"142","28.429361","2404:6800:4007:803::2003","2409:408d:180:4bad:a800:4d54:ce33:cdce","QUIC","938","Protected Payload (KP0)"
"143","28.429474","2404:6800:4007:803::2003","2409:408d:180:4bad:a800:4d54:ce33:cdce","QUIC","83","Protected Payload (KP0)"
"144","28.429697","2409:408d:180:4bad:a800:4d54:ce33:cdce","2404:6800:4007:803::2003","QUIC","97","Protected Payload (KP0), DCID=f41b8a0975d2bc30"
"145","28.438105","2404:6800:4007:825::2002","2409:408d:180:4bad:a800:4d54:ce33:cdce","QUIC","91","Protected Payload (KP0)"
"146","28.456706","2409:408d:180:4bad:a800:4d54:ce33:cdce","2404:6800:4007:803::2003","QUIC","94","Protected Payload (KP0), DCID=f41b8a0975d2bc30"
"147","28.463610","2409:408d:180:4bad:a800:4d54:ce33:cdce","2404:6800:4007:825::2002","QUIC","94","Protected Payload (KP0), DCID=e435ddeee8f34053"
"148","28.494968","2404:6800:4007:803::2003","2409:408d:180:4bad:a800:4d54:ce33:cdce","QUIC","86","Protected Payload (KP0)"
"149","28.594525","2409:408d:180:4bad:a800:4d54:ce33:cdce","64:ff9b::6812:2968","QUIC","103","Protected Payload (KP0), DCID=015d0ad9c70e4290b65cccd9c40e69402cda5e3e"
"150","28.637575","64:ff9b::6812:2968","2409:408d:180:4bad:a800:4d54:ce33:cdce","QUIC","85","Protected Payload (KP0)"
"151","28.641787","2409:408d:180:4bad:a800:4d54:ce33:cdce","2404:6800:4007:825::2002","QUIC","91","Protected Payload (KP0), DCID=e435ddeee8f34053"
"152","28.713576","2404:6800:4007:825::2002","2409:408d:180:4bad:a800:4d54:ce33:cdce","QUIC","86","Protected Payload (KP0)"
"153","28.718277","2404:6800:4007:825::2002","2409:408d:180:4bad:a800:4d54:ce33:cdce","QUIC","254","Protected Payload (KP0)"
"154","28.718277","2404:6800:4007:825::2002","2409:408d:180:4bad:a800:4d54:ce33:cdce","QUIC","335","Protected Payload (KP0)"
"155","28.718665","2409:408d:180:4bad:a800:4d54:ce33:cdce","2404:6800:4007:825::2002","QUIC","97","Protected Payload (KP0), DCID=e435ddeee8f34053"
"156","28.745504","2409:408d:180:4bad:a800:4d54:ce33:cdce","2404:6800:4007:825::2002","QUIC","94","Protected Payload (KP0), DCID=e435ddeee8f34053"
"157","28.786263","2404:6800:4007:825::2002","2409:408d:180:4bad:a800:4d54:ce33:cdce","QUIC","86","Protected Payload (KP0)"
"158","28.792862","2409:408d:180:4bad:a800:4d54:ce33:cdce","2404:6800:4007:825::2002","QUIC","1292","Protected Payload (KP0), DCID=e435ddeee8f34053"
"159","28.793023","2409:408d:180:4bad:a800:4d54:ce33:cdce","2404:6800:4007:825::2002","QUIC","278","Protected Payload (KP0), DCID=e435ddeee8f34053"
"160","28.837461","2404:6800:4007:825::2002","2409:408d:180:4bad:a800:4d54:ce33:cdce","QUIC","89","Protected Payload (KP0)"
"161","28.838835","2409:408d:180:4bad:a800:4d54:ce33:cdce","64:ff9b::6812:2968","QUIC","103","Protected Payload (KP0), DCID=015d0ad9c70e4290b65cccd9c40e69402cda5e3e"
"162","28.863309","2409:408d:180:4bad:a800:4d54:ce33:cdce","2404:6800:4007:825::2002","QUIC","94","Protected Payload (KP0), DCID=e435ddeee8f34053"
"163","28.892322","64:ff9b::6812:2968","2409:408d:180:4bad:a800:4d54:ce33:cdce","QUIC","85","Protected Payload (KP0)"
"164","28.946061","64:ff9b::6812:2968","2409:408d:180:4bad:a800:4d54:ce33:cdce","QUIC","1011","Protected Payload (KP0)"
"165","28.973078","2409:408d:180:4bad:a800:4d54:ce33:cdce","64:ff9b::6812:2968","QUIC","106","Protected Payload (KP0), DCID=015d0ad9c70e4290b65cccd9c40e69402cda5e3e"
"166","28.993939","2404:6800:4007:825::2002","2409:408d:180:4bad:a800:4d54:ce33:cdce","QUIC","225","Protected Payload (KP0)"
"167","28.993939","2404:6800:4007:825::2002","2409:408d:180:4bad:a800:4d54:ce33:cdce","QUIC","339","Protected Payload (KP0)"
"168","28.994141","2409:408d:180:4bad:a800:4d54:ce33:cdce","2404:6800:4007:825::2002","QUIC","97","Protected Payload (KP0), DCID=e435ddeee8f34053"
"169","29.020058","2409:408d:180:4bad:a800:4d54:ce33:cdce","2404:6800:4007:825::2002","QUIC","94","Protected Payload (KP0), DCID=e435ddeee8f34053"
"170","29.057373","2409:408d:180:4bad:a800:4d54:ce33:cdce","2404:6800:4007:824::2002","QUIC","1292","Initial, DCID=bf245801b97598df, PKN: 1, CRYPTO"
"171","29.057398","2404:6800:4007:825::2002","2409:408d:180:4bad:a800:4d54:ce33:cdce","QUIC","86","Protected Payload (KP0)"
"172","29.057509","2409:408d:180:4bad:a800:4d54:ce33:cdce","2404:6800:4007:824::2002","QUIC","1292","Initial, DCID=bf245801b97598df, PKN: 2, CRYPTO"
"173","29.057590","2409:408d:180:4bad:a800:4d54:ce33:cdce","2404:6800:4007:824::2002","QUIC","1292","Initial, DCID=bf245801b97598df, PKN: 3, PING, PADDING, PING, PING, PING, CRYPTO, PING, PADDING, PING"
"174","29.057963","2409:408d:180:4bad:a800:4d54:ce33:cdce","2404:6800:4007:824::2002","QUIC","141","0-RTT, DCID=bf245801b97598df"
"175","29.058633","2409:408d:180:4bad:a800:4d54:ce33:cdce","2404:6800:4007:824::2002","QUIC","1288","0-RTT, DCID=bf245801b97598df"
"176","29.058870","2409:408d:180:4bad:a800:4d54:ce33:cdce","2404:6800:4007:824::2002","QUIC","1028","0-RTT, DCID=bf245801b97598df"
"177","29.063287","2409:408d:180:4bad:a800:4d54:ce33:cdce","2404:6800:4007:825::2002","QUIC","1292","Protected Payload (KP0), DCID=e435ddeee8f34053"
"178","29.063597","2409:408d:180:4bad:a800:4d54:ce33:cdce","2404:6800:4007:825::2002","QUIC","209","Protected Payload (KP0), DCID=e435ddeee8f34053"
"179","29.113568","2404:6800:4007:825::2002","2409:408d:180:4bad:a800:4d54:ce33:cdce","QUIC","89","Protected Payload (KP0)"
"180","29.113668","2404:6800:4007:824::2002","2409:408d:180:4bad:a800:4d54:ce33:cdce","QUIC","1292","Initial, SCID=ff245801b97598df, PKN: 1, ACK, PADDING"
"181","29.113841","2404:6800:4007:824::2002","2409:408d:180:4bad:a800:4d54:ce33:cdce","QUIC","1292","Initial, SCID=ff245801b97598df, PKN: 2, ACK, PADDING"
"182","29.128873","2409:408d:180:4bad:a800:4d54:ce33:cdce","2404:6800:4007:824::2002","QUIC","1292","Initial, DCID=ff245801b97598df, PKN: 8, PADDING, PING, PADDING"
"183","29.139779","2409:408d:180:4bad:a800:4d54:ce33:cdce","2404:6800:4007:825::2002","QUIC","94","Protected Payload (KP0), DCID=e435ddeee8f34053"
"184","29.144825","2404:6800:4007:824::2002","2409:408d:180:4bad:a800:4d54:ce33:cdce","QUIC","1292","Initial, SCID=ff245801b97598df, PKN: 3, CRYPTO, PADDING"
"185","29.144825","2404:6800:4007:824::2002","2409:408d:180:4bad:a800:4d54:ce33:cdce","QUIC","367","Protected Payload (KP0)"
"186","29.144825","2404:6800:4007:824::2002","2409:408d:180:4bad:a800:4d54:ce33:cdce","QUIC","987","Protected Payload (KP0)"
"187","29.144825","2404:6800:4007:824::2002","2409:408d:180:4bad:a800:4d54:ce33:cdce","QUIC","134","Protected Payload (KP0)"
"188","29.144825","2404:6800:4007:824::2002","2409:408d:180:4bad:a800:4d54:ce33:cdce","QUIC","86","Protected Payload (KP0)"
"189","29.151722","2409:408d:180:4bad:a800:4d54:ce33:cdce","2404:6800:4007:824::2002","QUIC","1292","Initial, DCID=ff245801b97598df, PKN: 9, ACK, PADDING"
"190","29.152494","2409:408d:180:4bad:a800:4d54:ce33:cdce","2404:6800:4007:824::2002","QUIC","140","Handshake, DCID=ff245801b97598df"
"191","29.152863","2409:408d:180:4bad:a800:4d54:ce33:cdce","2404:6800:4007:824::2002","QUIC","93","Protected Payload (KP0), DCID=ff245801b97598df"
"192","29.179271","2409:408d:180:4bad:a800:4d54:ce33:cdce","2404:6800:4007:824::2002","QUIC","94","Protected Payload (KP0), DCID=ff245801b97598df"
"193","29.202083","2404:6800:4007:824::2002","2409:408d:180:4bad:a800:4d54:ce33:cdce","QUIC","1292","Initial, SCID=ff245801b97598df, PKN: 9, ACK, CRYPTO"
"194","29.202083","2404:6800:4007:824::2002","2409:408d:180:4bad:a800:4d54:ce33:cdce","QUIC","372","Protected Payload (KP0)"
"195","29.202144","2404:6800:4007:824::2002","2409:408d:180:4bad:a800:4d54:ce33:cdce","QUIC","182","Protected Payload (KP0)"
"196","29.202321","2409:408d:180:4bad:a800:4d54:ce33:cdce","2404:6800:4007:824::2002","QUIC","175","Protected Payload (KP0), DCID=ff245801b97598df"
"197","29.202602","2409:408d:180:4bad:a800:4d54:ce33:cdce","2404:6800:4007:824::2002","QUIC","95","Protected Payload (KP0), DCID=ff245801b97598df"
"198","29.314770","2409:408d:180:4bad:a800:4d54:ce33:cdce","2404:6800:4007:825::2002","QUIC","91","Protected Payload (KP0), DCID=e435ddeee8f34053"
"199","29.333392","2404:6800:4007:824::2002","2409:408d:180:4bad:a800:4d54:ce33:cdce","QUIC","707","Protected Payload (KP0)"
"200","29.333392","2404:6800:4007:824::2002","2409:408d:180:4bad:a800:4d54:ce33:cdce","QUIC","121","Protected Payload (KP0)"
"201","29.333676","2409:408d:180:4bad:a800:4d54:ce33:cdce","2404:6800:4007:824::2002","QUIC","99","Protected Payload (KP0), DCID=ff245801b97598df"
"202","29.333790","2409:408d:180:4bad:a800:4d54:ce33:cdce","2404:6800:4007:824::2002","QUIC","95","Protected Payload (KP0), DCID=ff245801b97598df"
"203","29.367856","2404:6800:4007:824::2002","2409:408d:180:4bad:a800:4d54:ce33:cdce","QUIC","89","Protected Payload (KP0)"
"204","29.383554","2404:6800:4007:825::2002","2409:408d:180:4bad:a800:4d54:ce33:cdce","QUIC","86","Protected Payload (KP0)"
"205","29.400636","2404:6800:4007:825::2002","2409:408d:180:4bad:a800:4d54:ce33:cdce","QUIC","1288","Protected Payload (KP0)"
"206","29.400636","2404:6800:4007:825::2002","2409:408d:180:4bad:a800:4d54:ce33:cdce","QUIC","1292","Protected Payload (KP0)"
"207","29.400731","2404:6800:4007:825::2002","2409:408d:180:4bad:a800:4d54:ce33:cdce","QUIC","1292","Protected Payload (KP0)"
"208","29.400731","2404:6800:4007:825::2002","2409:408d:180:4bad:a800:4d54:ce33:cdce","QUIC","465","Protected Payload (KP0)"
"209","29.400944","2404:6800:4007:825::2002","2409:408d:180:4bad:a800:4d54:ce33:cdce","QUIC","272","Protected Payload (KP0)"
"210","29.400989","2409:408d:180:4bad:a800:4d54:ce33:cdce","2404:6800:4007:825::2002","QUIC","97","Protected Payload (KP0), DCID=e435ddeee8f34053"
"211","29.401114","2409:408d:180:4bad:a800:4d54:ce33:cdce","2404:6800:4007:825::2002","QUIC","93","Protected Payload (KP0), DCID=e435ddeee8f34053"
"212","29.401194","2409:408d:180:4bad:a800:4d54:ce33:cdce","2404:6800:4007:825::2002","QUIC","93","Protected Payload (KP0), DCID=e435ddeee8f34053"
"213","29.459513","2404:6800:4007:825::2002","2409:408d:180:4bad:a800:4d54:ce33:cdce","QUIC","86","Protected Payload (KP0)"
"214","29.466689","2409:408d:180:4bad:a800:4d54:ce33:cdce","2404:6800:4007:825::2002","QUIC","1292","Initial, DCID=48782c5aa0098e96, PKN: 1, CRYPTO"
"215","29.466927","2409:408d:180:4bad:a800:4d54:ce33:cdce","2404:6800:4007:825::2002","QUIC","1292","Initial, DCID=48782c5aa0098e96, PKN: 2, CRYPTO"
"216","29.467145","2409:408d:180:4bad:a800:4d54:ce33:cdce","2404:6800:4007:825::2002","QUIC","1292","Initial, DCID=48782c5aa0098e96, PKN: 3, PADDING, PING, PING, PING, PING, CRYPTO, PING, PING, CRYPTO, PADDING, PING, PADDING, PING, PADDING"
"217","29.467524","2409:408d:180:4bad:a800:4d54:ce33:cdce","2404:6800:4007:825::2002","QUIC","141","0-RTT, DCID=48782c5aa0098e96"
"218","29.467737","2409:408d:180:4bad:a800:4d54:ce33:cdce","2404:6800:4007:825::2002","QUIC","1025","0-RTT, DCID=48782c5aa0098e96"
"219","29.525549","2404:6800:4007:825::2002","2409:408d:180:4bad:a800:4d54:ce33:cdce","QUIC","1292","Initial, SCID=e8782c5aa0098e96, PKN: 1, ACK, PADDING"
"220","29.525549","2404:6800:4007:825::2002","2409:408d:180:4bad:a800:4d54:ce33:cdce","QUIC","1292","Initial, SCID=e8782c5aa0098e96, PKN: 2, ACK, PADDING"
"221","29.541676","2409:408d:180:4bad:a800:4d54:ce33:cdce","2404:6800:4007:825::2002","QUIC","1292","Initial, DCID=e8782c5aa0098e96, PKN: 7, PADDING, PING, PADDING"
"222","29.557032","2404:6800:4007:825::2002","2409:408d:180:4bad:a800:4d54:ce33:cdce","QUIC","1292","Initial, SCID=e8782c5aa0098e96, PKN: 3, CRYPTO, PADDING"
"223","29.557096","2404:6800:4007:825::2002","2409:408d:180:4bad:a800:4d54:ce33:cdce","QUIC","372","Protected Payload (KP0)"
"224","29.557971","2409:408d:180:4bad:a800:4d54:ce33:cdce","2404:6800:4007:825::2002","QUIC","140","Handshake, DCID=e8782c5aa0098e96"
"225","29.558550","2404:6800:4007:825::2002","2409:408d:180:4bad:a800:4d54:ce33:cdce","QUIC","982","Protected Payload (KP0)"
"226","29.558550","2404:6800:4007:825::2002","2409:408d:180:4bad:a800:4d54:ce33:cdce","QUIC","127","Protected Payload (KP0)"
"227","29.559374","2404:6800:4007:825::2002","2409:408d:180:4bad:a800:4d54:ce33:cdce","QUIC","86","Protected Payload (KP0)"
"228","29.559812","2409:408d:180:4bad:a800:4d54:ce33:cdce","2404:6800:4007:825::2002","QUIC","93","Protected Payload (KP0), DCID=e8782c5aa0098e96"
"229","29.586495","2409:408d:180:4bad:a800:4d54:ce33:cdce","2404:6800:4007:825::2002","QUIC","94","Protected Payload (KP0), DCID=e8782c5aa0098e96"
"230","29.587295","2404:6800:4007:825::2002","2409:408d:180:4bad:a800:4d54:ce33:cdce","QUIC","1292","Initial, SCID=e8782c5aa0098e96, PKN: 9, ACK, CRYPTO"
"231","29.587295","2404:6800:4007:825::2002","2409:408d:180:4bad:a800:4d54:ce33:cdce","QUIC","377","Protected Payload (KP0)"
"232","29.587557","2409:408d:180:4bad:a800:4d54:ce33:cdce","2404:6800:4007:825::2002","QUIC","175","Protected Payload (KP0), DCID=e8782c5aa0098e96"
"233","29.589814","2404:6800:4007:825::2002","2409:408d:180:4bad:a800:4d54:ce33:cdce","QUIC","182","Protected Payload (KP0)"
"234","29.590011","2409:408d:180:4bad:a800:4d54:ce33:cdce","2404:6800:4007:825::2002","QUIC","95","Protected Payload (KP0), DCID=e8782c5aa0098e96"
"235","29.594736","2404:6800:4007:825::2002","2409:408d:180:4bad:a800:4d54:ce33:cdce","QUIC","557","Protected Payload (KP0)"
"236","29.594736","2404:6800:4007:825::2002","2409:408d:180:4bad:a800:4d54:ce33:cdce","QUIC","84","Protected Payload (KP0)"
"237","29.595062","2409:408d:180:4bad:a800:4d54:ce33:cdce","2404:6800:4007:825::2002","QUIC","99","Protected Payload (KP0), DCID=e8782c5aa0098e96"
"238","29.595213","2409:408d:180:4bad:a800:4d54:ce33:cdce","2404:6800:4007:825::2002","QUIC","95","Protected Payload (KP0), DCID=e8782c5aa0098e96"
"239","29.639903","2404:6800:4007:825::2002","2409:408d:180:4bad:a800:4d54:ce33:cdce","QUIC","89","Protected Payload (KP0)"
"240","33.309113","8e:64:ef:4d:da:93","CyberTANTech_81:aa:b9","ARP","42","Who has 192.168.249.189? Tell 192.168.249.90"
"241","33.309133","CyberTANTech_81:aa:b9","8e:64:ef:4d:da:93","ARP","42","192.168.249.189 is at c8:3d:d4:81:aa:b9"
"242","35.938671","2409:408d:180:4bad:a800:4d54:ce33:cdce","64:ff9b::8a5b:ab51","TCP","86","[TCP Retransmission] 63301  >  80 [SYN] Seq=0 Win=64660 Len=0 MSS=1220 WS=256 SACK_PERM"
"243","36.354136","64:ff9b::8c52:7019","2409:408d:180:4bad:a800:4d54:ce33:cdce","TLSv1.2","99","Application Data"
"244","36.354331","2409:408d:180:4bad:a800:4d54:ce33:cdce","64:ff9b::8c52:7019","TLSv1.2","103","Ignored Unknown Record"
"245","36.643682","64:ff9b::8c52:7019","2409:408d:180:4bad:a800:4d54:ce33:cdce","TCP","74","443  >  63254 [ACK] Seq=26 Ack=31 Win=74 Len=0"
"246","44.447797","192.168.249.56","224.0.0.251","MDNS","103","Standard query 0x0001 PTR _233637DE._sub._googlecast._tcp.local, ""QU"" question PTR _googlecast._tcp.local, ""QU"" question"
"247","44.448794","192.168.249.56","224.0.0.22","IGMPv3","54","Membership Report / Join group 224.0.0.251 for any sources"
"248","45.269742","192.168.249.56","224.0.0.22","IGMPv3","54","Membership Report / Join group 224.0.0.251 for any sources"
"249","45.471594","192.168.249.56","224.0.0.251","MDNS","103","Standard query 0x0002 PTR _233637DE._sub._googlecast._tcp.local, ""QM"" question PTR _googlecast._tcp.local, ""QM"" question"
"250","46.537108","192.168.249.56","224.0.0.251","MDNS","103","Standard query 0x0003 PTR _233637DE._sub._googlecast._tcp.local, ""QM"" question PTR _googlecast._tcp.local, ""QM"" question"
"251","46.908745","192.168.249.62","239.255.255.250","SSDP","218","M-SEARCH * HTTP/1.1 "
"252","47.725434","192.168.249.62","239.255.255.250","SSDP","218","M-SEARCH * HTTP/1.1 "
"253","48.749507","192.168.249.62","239.255.255.250","SSDP","218","M-SEARCH * HTTP/1.1 "
"254","49.773438","192.168.249.62","239.255.255.250","SSDP","218","M-SEARCH * HTTP/1.1 "
"255","56.712936","2409:408d:180:4bad:a800:4d54:ce33:cdce","64:ff9b::7512:e8c8","TCP","75","[TCP Keep-Alive] 63292  >  443 [ACK] Seq=1 Ack=1 Win=253 Len=1"
"256","58.837602","2409:408d:180:4bad:a800:4d54:ce33:cdce","64:ff9b::14c6:7754","TCP","75","63249  >  443 [ACK] Seq=1 Ack=1 Win=254 Len=1 [TCP segment of a reassembled PDU]"
"257","59.150327","fe80::25af:1a94:b5b1:751","ff02::1:ff4d:da93","ICMPv6","86","Neighbor Solicitation for fe80::8c64:efff:fe4d:da93 from c8:3d:d4:81:aa:b9"
"258","59.170813","fe80::8c64:efff:fe4d:da93","fe80::25af:1a94:b5b1:751","ICMPv6","86","Neighbor Advertisement fe80::8c64:efff:fe4d:da93 (rtr, sol, ovr) is at 8e:64:ef:4d:da:93"
"259","59.176325","0.0.0.0","255.255.255.255","DHCP","364","DHCP Request  - Transaction ID 0xac132b04"
"260","59.193874","2409:408d:180:4bad:a800:4d54:ce33:cdce","ff02::1:ff4d:da93","ICMPv6","86","Neighbor Solicitation for fe80::8c64:efff:fe4d:da93 from c8:3d:d4:81:aa:b9"
"261","59.200579","192.168.249.56","224.0.0.22","IGMPv3","54","Membership Report / Leave group 224.0.0.251"
"262","59.205233","192.168.249.90","192.168.249.189","DHCP","352","DHCP ACK      - Transaction ID 0xac132b04"
"263","59.210524","64:ff9b::14c6:7754","2409:408d:180:4bad:a800:4d54:ce33:cdce","TCP","86","443  >  63249 [ACK] Seq=1 Ack=2 Win=7275 Len=0 SLE=1 SRE=2"
"264","59.214312","fe80::8c64:efff:fe4d:da93","2409:408d:180:4bad:a800:4d54:ce33:cdce","ICMPv6","86","Neighbor Advertisement fe80::8c64:efff:fe4d:da93 (rtr, sol, ovr) is at 8e:64:ef:4d:da:93"
"265","59.214449","2409:408d:180:4bad:a800:4d54:ce33:cdce","64:ff9b::14c6:7754","TLSv1.2","173","Ignored Unknown Record"
"266","59.224212","fe80::25af:1a94:b5b1:751","ff02::16","ICMPv6","90","Multicast Listener Report Message v2"
"267","59.224217","192.168.249.189","224.0.0.22","IGMPv3","54","Membership Report / Leave group 224.0.0.252"
"268","59.289528","64:ff9b::14c6:7754","2409:408d:180:4bad:a800:4d54:ce33:cdce","TLSv1.2","243","Application Data"
"269","59.293269","fe80::25af:1a94:b5b1:751","ff02::1:2","DHCPv6","157","Solicit XID: 0x14d8e5 CID: 0001000120301381c85b76d39f69 "
"270","59.300502","CyberTANTech_81:aa:b9","Broadcast","ARP","42","Who has 192.168.249.90? Tell 192.168.249.189"
"271","59.300843","192.168.249.189","224.0.0.22","IGMPv3","54","Membership Report / Join group 224.0.0.252 for any sources"
"272","59.301184","fe80::25af:1a94:b5b1:751","ff02::16","ICMPv6","90","Multicast Listener Report Message v2"
"273","59.303405","8e:64:ef:4d:da:93","CyberTANTech_81:aa:b9","ARP","42","192.168.249.90 is at 8e:64:ef:4d:da:93"
"274","59.303442","192.168.249.189","192.168.249.90","DNS","84","Standard query 0x3cd9 AAAA ipv6.msftconnecttest.com"
"275","59.304737","fe80::25af:1a94:b5b1:751","ff02::16","ICMPv6","90","Multicast Listener Report Message v2"
"276","59.304760","192.168.249.189","224.0.0.22","IGMPv3","54","Membership Report / Leave group 224.0.0.252"
"277","59.305524","fe80::25af:1a94:b5b1:751","ff02::16","ICMPv6","90","Multicast Listener Report Message v2"
"278","59.305677","192.168.249.189","224.0.0.22","IGMPv3","54","Membership Report / Join group 224.0.0.252 for any sources"
"279","59.306871","192.168.249.189","224.0.0.251","MDNS","81","Standard query 0x0000 ANY LAPTOP-RGKFPQST.local, ""QM"" question"
"280","59.307823","fe80::25af:1a94:b5b1:751","ff02::fb","MDNS","101","Standard query 0x0000 ANY LAPTOP-RGKFPQST.local, ""QM"" question"
"281","59.308682","192.168.249.189","224.0.0.251","MDNS","175","Standard query response 0x0000 AAAA 2409:408d:180:4bad:70d4:dc8b:d7e3:2e91 AAAA 2409:408d:180:4bad:a800:4d54:ce33:cdce AAAA fe80::25af:1a94:b5b1:751 A 192.168.249.189"
"282","59.309082","fe80::25af:1a94:b5b1:751","ff02::1:3","LLMNR","95","Standard query 0xe48c ANY LAPTOP-RGKFPQST"
"283","59.309397","fe80::25af:1a94:b5b1:751","ff02::fb","MDNS","195","Standard query response 0x0000 AAAA 2409:408d:180:4bad:70d4:dc8b:d7e3:2e91 AAAA 2409:408d:180:4bad:a800:4d54:ce33:cdce AAAA fe80::25af:1a94:b5b1:751 A 192.168.249.189"
"284","59.309866","192.168.249.189","224.0.0.252","LLMNR","75","Standard query 0xe48c ANY LAPTOP-RGKFPQST"
"285","59.336920","2409:408d:180:4bad:a800:4d54:ce33:cdce","64:ff9b::14c6:7754","TCP","74","63249  >  443 [ACK] Seq=101 Ack=170 Win=253 Len=0"
"286","59.365051","192.168.249.90","192.168.249.189","DNS","264","Standard query response 0x3cd9 AAAA ipv6.msftconnecttest.com CNAME ncsiv6-geo.trafficmanager.net CNAME ipv6.msftconnecttest.com.edgesuite.net CNAME a1968.i6g1.akamai.net AAAA 2405:200:1607:1731::312c:8383 AAAA 2405:200:1607:1731::312c:74f5"
"287","59.366764","CyberTANTech_81:aa:b9","Broadcast","ARP","42","Who has 192.168.249.189? (ARP Probe)"
"288","59.367441","192.168.249.189","224.0.0.22","IGMPv3","62","Membership Report / Join group 224.0.0.251 for any sources / Join group 239.255.255.250 for any sources"
"289","59.368091","::","ff02::1:ffb1:751","ICMPv6","78","Neighbor Solicitation for fe80::25af:1a94:b5b1:751"
"290","59.368724","::","ff02::1:ffe3:2e91","ICMPv6","78","Neighbor Solicitation for 2409:408d:180:4bad:70d4:dc8b:d7e3:2e91"
"291","59.368766","::","ff02::1:ff33:cdce","ICMPv6","78","Neighbor Solicitation for 2409:408d:180:4bad:a800:4d54:ce33:cdce"
"292","59.369238","fe80::25af:1a94:b5b1:751","ff02::2","ICMPv6","62","Router Solicitation"
"293","59.369888","fe80::25af:1a94:b5b1:751","ff02::16","ICMPv6","170","Multicast Listener Report Message v2"
"294","59.458358","fe80::8c64:efff:fe4d:da93","fe80::25af:1a94:b5b1:751","ICMPv6","142","Router Advertisement from 8e:64:ef:4d:da:93"
"295","60.012212","192.168.249.56","224.0.0.22","IGMPv3","54","Membership Report / Leave group 224.0.0.251"
"296","60.308023","fe80::25af:1a94:b5b1:751","ff02::1:2","DHCPv6","157","Solicit XID: 0x14d8e5 CID: 0001000120301381c85b76d39f69 "
"297","60.308036","192.168.249.189","192.168.249.90","DNS","83","Standard query 0xd90a A www.msftconnecttest.com"
"298","60.308071","192.168.249.189","192.168.249.90","DNS","84","Standard query 0x0380 A ipv6.msftconnecttest.com"
"299","60.308095","192.168.249.189","192.168.249.90","DNS","83","Standard query 0x448e AAAA www.msftconnecttest.com"
"300","60.355801","CyberTANTech_81:aa:b9","Broadcast","ARP","42","Who has 192.168.249.189? (ARP Probe)"
"301","60.356554","fe80::25af:1a94:b5b1:751","ff02::1","ICMPv6","86","Neighbor Advertisement fe80::25af:1a94:b5b1:751 (ovr) is at c8:3d:d4:81:aa:b9"
"302","60.357880","2409:408d:180:4bad:70d4:dc8b:d7e3:2e91","ff02::1","ICMPv6","86","Neighbor Advertisement 2409:408d:180:4bad:70d4:dc8b:d7e3:2e91 (ovr) is at c8:3d:d4:81:aa:b9"
"303","60.359455","2409:408d:180:4bad:a800:4d54:ce33:cdce","ff02::1","ICMPv6","86","Neighbor Advertisement 2409:408d:180:4bad:a800:4d54:ce33:cdce (ovr) is at c8:3d:d4:81:aa:b9"
"304","60.372945","192.168.249.90","192.168.249.189","DNS","227","Standard query response 0xd90a A www.msftconnecttest.com CNAME ncsi-geo.trafficmanager.net CNAME www.msftncsi.com.edgesuite.net CNAME a1961.g2.akamai.net A 49.44.116.231 A 49.44.116.238"
"305","60.374497","192.168.249.90","192.168.249.189","DNS","269","Standard query response 0x0380 A ipv6.msftconnecttest.com CNAME ncsiv6-geo.trafficmanager.net CNAME ipv6.msftconnecttest.com.edgesuite.net CNAME a1968.i6g1.akamai.net SOA n0i6g1.akamai.net"
"306","60.379888","2409:408d:180:4bad:a800:4d54:ce33:cdce","2405:200:1607:1731::312c:8383","TCP","86","63302  >  80 [SYN] Seq=0 Win=64660 Len=0 MSS=1220 WS=256 SACK_PERM"
"307","60.387763","192.168.249.90","192.168.249.189","DNS","251","Standard query response 0x448e AAAA www.msftconnecttest.com CNAME ncsi-geo.trafficmanager.net CNAME www.msftncsi.com.edgesuite.net CNAME a1961.g2.akamai.net AAAA 64:ff9b::312c:74ee AAAA 64:ff9b::312c:74e7"
"308","60.388451","2409:408d:180:4bad:a800:4d54:ce33:cdce","64:ff9b::312c:74ee","TCP","86","63303  >  80 [SYN] Seq=0 Win=64660 Len=0 MSS=1220 WS=256 SACK_PERM"
"309","60.430337","2405:200:1607:1731::312c:8383","2409:408d:180:4bad:a800:4d54:ce33:cdce","TCP","86","80  >  63302 [SYN, ACK] Seq=0 Ack=1 Win=64800 Len=0 MSS=1370 SACK_PERM WS=128"
"310","60.430337","64:ff9b::312c:74ee","2409:408d:180:4bad:a800:4d54:ce33:cdce","TCP","86","80  >  63303 [SYN, ACK] Seq=0 Ack=1 Win=64240 Len=0 MSS=1370 SACK_PERM WS=128"
"311","60.430435","2409:408d:180:4bad:a800:4d54:ce33:cdce","2405:200:1607:1731::312c:8383","TCP","74","63302  >  80 [ACK] Seq=1 Ack=1 Win=65792 Len=0"
"312","60.430545","2409:408d:180:4bad:a800:4d54:ce33:cdce","64:ff9b::312c:74ee","HTTP","228","GET /connecttest.txt HTTP/1.1 "
"313","60.430545","2409:408d:180:4bad:a800:4d54:ce33:cdce","2405:200:1607:1731::312c:8383","HTTP","229","GET /connecttest.txt HTTP/1.1 "
"314","60.474247","2405:200:1607:1731::312c:8383","2409:408d:180:4bad:a800:4d54:ce33:cdce","TCP","74","80  >  63302 [ACK] Seq=1 Ack=156 Win=64768 Len=0"
"315","60.474247","64:ff9b::312c:74ee","2409:408d:180:4bad:a800:4d54:ce33:cdce","TCP","74","80  >  63303 [ACK] Seq=1 Ack=155 Win=64128 Len=0"
"316","60.474247","64:ff9b::312c:74ee","2409:408d:180:4bad:a800:4d54:ce33:cdce","HTTP","261","HTTP/1.1 200 OK  (text/plain)"
"317","60.474458","2405:200:1607:1731::312c:8383","2409:408d:180:4bad:a800:4d54:ce33:cdce","HTTP","261","HTTP/1.1 200 OK  (text/plain)"
"318","60.474458","64:ff9b::312c:74ee","2409:408d:180:4bad:a800:4d54:ce33:cdce","TCP","74","80  >  63303 [FIN, ACK] Seq=188 Ack=155 Win=64128 Len=0"
"319","60.474479","2409:408d:180:4bad:a800:4d54:ce33:cdce","64:ff9b::312c:74ee","TCP","74","63303  >  80 [FIN, ACK] Seq=155 Ack=188 Win=65536 Len=0"
"320","60.474520","2409:408d:180:4bad:a800:4d54:ce33:cdce","2405:200:1607:1731::312c:8383","TCP","74","63302  >  80 [FIN, ACK] Seq=156 Ack=188 Win=65536 Len=0"
"321","60.475072","2409:408d:180:4bad:a800:4d54:ce33:cdce","64:ff9b::312c:74ee","TCP","74","63303  >  80 [ACK] Seq=156 Ack=189 Win=65536 Len=0"
"322","60.476713","2405:200:1607:1731::312c:8383","2409:408d:180:4bad:a800:4d54:ce33:cdce","TCP","74","80  >  63302 [FIN, ACK] Seq=188 Ack=156 Win=64768 Len=0"
"323","60.476790","2409:408d:180:4bad:a800:4d54:ce33:cdce","2405:200:1607:1731::312c:8383","TCP","74","63302  >  80 [ACK] Seq=157 Ack=189 Win=65536 Len=0"
"324","60.508220","2405:200:1607:1731::312c:8383","2409:408d:180:4bad:a800:4d54:ce33:cdce","TCP","74","80  >  63302 [ACK] Seq=189 Ack=157 Win=64768 Len=0"
"325","60.508530","64:ff9b::312c:74ee","2409:408d:180:4bad:a800:4d54:ce33:cdce","TCP","74","80  >  63303 [ACK] Seq=189 Ack=156 Win=64128 Len=0"
"326","60.511613","2409:408d:180:4bad:a800:4d54:ce33:cdce","64:ff9b::6812:2968","TCP","75","[TCP Keep-Alive] 63256  >  443 [ACK] Seq=0 Ack=41 Win=257 Len=1"
"327","60.512315","2409:408d:180:4bad:a800:4d54:ce33:cdce","64:ff9b::6812:2968","TCP","75","[TCP Keep-Alive] 63255  >  443 [ACK] Seq=0 Ack=41 Win=257 Len=1"
"328","60.553298","64:ff9b::6812:2968","2409:408d:180:4bad:a800:4d54:ce33:cdce","TCP","74","443  >  63255 [RST] Seq=41 Win=0 Len=0"
"329","60.553298","64:ff9b::6812:2968","2409:408d:180:4bad:a800:4d54:ce33:cdce","TCP","74","443  >  63256 [RST] Seq=41 Win=0 Len=0"
"330","61.312094","fe80::25af:1a94:b5b1:751","ff02::1:2","DHCPv6","157","Solicit XID: 0x14d8e5 CID: 0001000120301381c85b76d39f69 "
"331","61.358110","CyberTANTech_81:aa:b9","Broadcast","ARP","42","Who has 192.168.249.189? (ARP Probe)"
"332","62.361033","CyberTANTech_81:aa:b9","Broadcast","ARP","42","ARP Announcement for 192.168.249.189"
"333","62.427275","2409:408d:180:4bad:a800:4d54:ce33:cdce","64:ff9b::6c9f:db2","TCP","74","63253  >  443 [FIN, ACK] Seq=1139 Ack=552 Win=257 Len=0"
"334","62.432703","2409:408d:180:4bad:a800:4d54:ce33:cdce","64:ff9b::7512:e8c8","TCP","74","63292  >  443 [FIN, ACK] Seq=2 Ack=1 Win=253 Len=0"
"335","62.494998","64:ff9b::6c9f:db2","2409:408d:180:4bad:a800:4d54:ce33:cdce","TCP","74","443  >  63253 [FIN, ACK] Seq=552 Ack=1140 Win=213 Len=0"
"336","62.494998","64:ff9b::7512:e8c8","2409:408d:180:4bad:a800:4d54:ce33:cdce","TCP","74","443  >  63292 [FIN, ACK] Seq=1 Ack=3 Win=136 Len=0"
"337","62.495057","2409:408d:180:4bad:a800:4d54:ce33:cdce","64:ff9b::6c9f:db2","TCP","74","63253  >  443 [ACK] Seq=1140 Ack=553 Win=257 Len=0"
"338","62.495142","2409:408d:180:4bad:a800:4d54:ce33:cdce","64:ff9b::7512:e8c8","TCP","74","63292  >  443 [ACK] Seq=3 Ack=2 Win=253 Len=0"
"339","63.318104","fe80::25af:1a94:b5b1:751","ff02::1:2","DHCPv6","157","Solicit XID: 0x14d8e5 CID: 0001000120301381c85b76d39f69 "
"340","63.365302","fe80::25af:1a94:b5b1:751","ff02::16","ICMPv6","90","Multicast Listener Report Message v2"
"341","63.365331","192.168.249.189","224.0.0.22","IGMPv3","54","Membership Report / Leave group 224.0.0.252"
"342","63.371225","fe80::25af:1a94:b5b1:751","ff02::16","ICMPv6","90","Multicast Listener Report Message v2"
"343","63.371284","192.168.249.189","224.0.0.22","IGMPv3","54","Membership Report / Join group 224.0.0.252 for any sources"
"344","63.372375","192.168.249.189","224.0.0.251","MDNS","81","Standard query 0x0000 ANY LAPTOP-RGKFPQST.local, ""QM"" question"
"345","63.372888","fe80::25af:1a94:b5b1:751","ff02::fb","MDNS","101","Standard query 0x0000 ANY LAPTOP-RGKFPQST.local, ""QM"" question"
"346","63.373532","192.168.249.189","224.0.0.251","MDNS","175","Standard query response 0x0000 AAAA 2409:408d:180:4bad:70d4:dc8b:d7e3:2e91 AAAA 2409:408d:180:4bad:a800:4d54:ce33:cdce AAAA fe80::25af:1a94:b5b1:751 A 192.168.249.189"
"347","63.374330","fe80::25af:1a94:b5b1:751","ff02::fb","MDNS","195","Standard query response 0x0000 AAAA 2409:408d:180:4bad:70d4:dc8b:d7e3:2e91 AAAA 2409:408d:180:4bad:a800:4d54:ce33:cdce AAAA fe80::25af:1a94:b5b1:751 A 192.168.249.189"
"348","63.374829","fe80::25af:1a94:b5b1:751","ff02::1:3","LLMNR","95","Standard query 0x1aef ANY LAPTOP-RGKFPQST"
"349","63.375563","192.168.249.189","224.0.0.252","LLMNR","75","Standard query 0x1aef ANY LAPTOP-RGKFPQST"
"350","63.932224","192.168.249.189","239.255.255.250","SSDP","218","M-SEARCH * HTTP/1.1 "
"351","63.943941","192.168.249.189","74.125.24.188","TCP","54","63257  >  5228 [FIN, ACK] Seq=2 Ack=1 Win=256 Len=0"
"352","63.953227","192.168.249.189","239.255.255.250","SSDP","217","M-SEARCH * HTTP/1.1 "
"353","64.282276","fe80::8c64:efff:fe4d:da93","2409:408d:180:4bad:a800:4d54:ce33:cdce","ICMPv6","86","Neighbor Solicitation for 2409:408d:180:4bad:a800:4d54:ce33:cdce from 8e:64:ef:4d:da:93"
"354","64.282367","2409:408d:180:4bad:a800:4d54:ce33:cdce","fe80::8c64:efff:fe4d:da93","ICMPv6","86","Neighbor Advertisement 2409:408d:180:4bad:a800:4d54:ce33:cdce (sol, ovr) is at c8:3d:d4:81:aa:b9"
"355","64.283398","8e:64:ef:4d:da:93","CyberTANTech_81:aa:b9","ARP","42","Who has 192.168.249.189? Tell 192.168.249.90"
"356","64.283408","CyberTANTech_81:aa:b9","8e:64:ef:4d:da:93","ARP","42","192.168.249.189 is at c8:3d:d4:81:aa:b9"
"357","64.283873","fe80::8c64:efff:fe4d:da93","fe80::25af:1a94:b5b1:751","ICMPv6","86","Neighbor Solicitation for fe80::25af:1a94:b5b1:751 from 8e:64:ef:4d:da:93"
"358","64.283965","fe80::25af:1a94:b5b1:751","fe80::8c64:efff:fe4d:da93","ICMPv6","86","Neighbor Advertisement fe80::25af:1a94:b5b1:751 (sol, ovr) is at c8:3d:d4:81:aa:b9"
"359","64.396112","192.168.249.189","74.125.24.188","TCP","54","[TCP Retransmission] 63257  >  5228 [FIN, ACK] Seq=2 Ack=1 Win=256 Len=0"
"360","64.435979","192.168.249.189","192.168.249.90","DNS","76","Standard query 0x8ae1 AAAA mtalk.google.com"
"361","64.436862","192.168.249.189","192.168.249.90","DNS","76","Standard query 0xc9fc A mtalk.google.com"
"362","64.464964","74.125.24.188","192.168.249.189","TCP","54","5228  >  63257 [RST] Seq=1 Win=0 Len=0"
"363","64.485297","192.168.249.90","192.168.249.189","DNS","133","Standard query response 0x8ae1 AAAA mtalk.google.com CNAME mobile-gtalk.l.google.com AAAA 2404:6800:4003:c1a::bc"
"364","64.485878","192.168.249.90","192.168.249.189","DNS","121","Standard query response 0xc9fc A mtalk.google.com CNAME mobile-gtalk.l.google.com A 142.251.175.188"
"365","64.486431","2409:408d:180:4bad:a800:4d54:ce33:cdce","2404:6800:4003:c1a::bc","TCP","86","63304  >  5228 [SYN] Seq=0 Win=64660 Len=0 MSS=1220 WS=256 SACK_PERM"
"366","64.572919","2404:6800:4003:c1a::bc","2409:408d:180:4bad:a800:4d54:ce33:cdce","TCP","86","5228  >  63304 [SYN, ACK] Seq=0 Ack=1 Win=65535 Len=0 MSS=1370 SACK_PERM WS=256"
"367","64.573048","2409:408d:180:4bad:a800:4d54:ce33:cdce","2404:6800:4003:c1a::bc","TCP","74","63304  >  5228 [ACK] Seq=1 Ack=1 Win=65792 Len=0"
"368","64.573858","2409:408d:180:4bad:a800:4d54:ce33:cdce","2404:6800:4003:c1a::bc","TCP","1294","63304  >  5228 [ACK] Seq=1 Ack=1 Win=65792 Len=1220 [TCP segment of a reassembled PDU]"
"369","64.573858","2409:408d:180:4bad:a800:4d54:ce33:cdce","2404:6800:4003:c1a::bc","TLSv1.3","617","Client Hello (SNI=mtalk.google.com)"
"370","64.654252","2404:6800:4003:c1a::bc","2409:408d:180:4bad:a800:4d54:ce33:cdce","TCP","74","5228  >  63304 [ACK] Seq=1 Ack=1221 Win=68096 Len=0"
"371","64.658839","2404:6800:4003:c1a::bc","2409:408d:180:4bad:a800:4d54:ce33:cdce","TCP","74","5228  >  63304 [ACK] Seq=1 Ack=1764 Win=70656 Len=0"
"372","64.659658","2404:6800:4003:c1a::bc","2409:408d:180:4bad:a800:4d54:ce33:cdce","TLSv1.3","1294","Server Hello"
"373","64.660286","2404:6800:4003:c1a::bc","2409:408d:180:4bad:a800:4d54:ce33:cdce","TLSv1.3","1294","Change Cipher Spec"
"374","64.660321","2409:408d:180:4bad:a800:4d54:ce33:cdce","2404:6800:4003:c1a::bc","TCP","74","63304  >  5228 [ACK] Seq=1764 Ack=2441 Win=65792 Len=0"
"375","64.661589","2404:6800:4003:c1a::bc","2409:408d:180:4bad:a800:4d54:ce33:cdce","TCP","1294","5228  >  63304 [ACK] Seq=2441 Ack=1764 Win=70656 Len=1220 [TCP segment of a reassembled PDU]"
"376","64.664057","2404:6800:4003:c1a::bc","2409:408d:180:4bad:a800:4d54:ce33:cdce","TCP","1294","5228  >  63304 [PSH, ACK] Seq=3661 Ack=1764 Win=70656 Len=1220 [TCP segment of a reassembled PDU]"
"377","64.664113","2409:408d:180:4bad:a800:4d54:ce33:cdce","2404:6800:4003:c1a::bc","TCP","74","63304  >  5228 [ACK] Seq=1764 Ack=4881 Win=65792 Len=0"
"378","64.664340","2404:6800:4003:c1a::bc","2409:408d:180:4bad:a800:4d54:ce33:cdce","TCP","1294","5228  >  63304 [ACK] Seq=4881 Ack=1764 Win=70656 Len=1220 [TCP segment of a reassembled PDU]"
"379","64.664911","2404:6800:4003:c1a::bc","2409:408d:180:4bad:a800:4d54:ce33:cdce","TCP","1294","5228  >  63304 [PSH, ACK] Seq=6101 Ack=1764 Win=70656 Len=1220 [TCP segment of a reassembled PDU]"
"380","64.664911","2404:6800:4003:c1a::bc","2409:408d:180:4bad:a800:4d54:ce33:cdce","TLSv1.3","657","Application Data"
"381","64.664939","2409:408d:180:4bad:a800:4d54:ce33:cdce","2404:6800:4003:c1a::bc","TCP","74","63304  >  5228 [ACK] Seq=1764 Ack=7904 Win=65792 Len=0"
"382","64.666124","2409:408d:180:4bad:a800:4d54:ce33:cdce","2404:6800:4003:c1a::bc","TLSv1.3","138","Change Cipher Spec, Application Data"
"383","64.667263","2409:408d:180:4bad:a800:4d54:ce33:cdce","2404:6800:4003:c1a::bc","TLSv1.3","283","Application Data"
"384","64.754101","2404:6800:4003:c1a::bc","2409:408d:180:4bad:a800:4d54:ce33:cdce","TCP","74","5228  >  63304 [ACK] Seq=7904 Ack=2037 Win=72960 Len=0"
"385","64.754328","2404:6800:4003:c1a::bc","2409:408d:180:4bad:a800:4d54:ce33:cdce","TLSv1.3","611","Application Data, Application Data"
"386","64.761236","2404:6800:4003:c1a::bc","2409:408d:180:4bad:a800:4d54:ce33:cdce","TLSv1.3","163","Application Data"
"387","64.761291","2409:408d:180:4bad:a800:4d54:ce33:cdce","2404:6800:4003:c1a::bc","TCP","74","63304  >  5228 [ACK] Seq=2037 Ack=8530 Win=65024 Len=0"
"388","64.763537","2404:6800:4003:c1a::bc","2409:408d:180:4bad:a800:4d54:ce33:cdce","TLSv1.3","108","Application Data"
"389","64.803572","2409:408d:180:4bad:a800:4d54:ce33:cdce","2404:6800:4003:c1a::bc","TCP","74","63304  >  5228 [ACK] Seq=2037 Ack=8564 Win=65024 Len=0"
"390","64.945435","192.168.249.189","239.255.255.250","SSDP","218","M-SEARCH * HTTP/1.1 "
"391","64.961485","192.168.249.189","239.255.255.250","SSDP","217","M-SEARCH * HTTP/1.1 "
